zone,bucket,cluster_id,latitude,longitude,weight,unit_count,source
BE,wind_onshore,0,51.17,4.0713,758.905,267,osm+elia
BE,wind_onshore,1,50.8838,5.3222,691.351,249,osm+elia
BE,wind_onshore,2,50.4751,4.0369,590.401,222,osm+elia
BE,wind_onshore,3,50.4224,4.8245,525.95,212,osm+elia
BE,wind_onshore,4,51.0316,3.2666,523.247,205,osm+elia
BE,wind_onshore,5,51.2785,4.8695,369.804,129,osm+elia
BE,wind_onshore,6,49.9252,5.652,150.443,59,osm+elia
BE,wind_onshore,7,50.3907,6.0053,120.841,51,osm+elia
BE,wind_offshore,0,51.5675,2.9571,1209.9,208,rivm
BE,wind_offshore,1,51.674,2.7922,1003.575,184,rivm
BE,solar,0,51.0157,4.2578,2312.737,95,fluvius+ores+elia
BE,solar,1,50.9049,3.6593,1855.707,370,fluvius+ores+elia
BE,solar,2,50.9928,3.101,1787.285,88,fluvius+ores+elia
BE,solar,3,51.1554,4.7212,1599.604,71,fluvius+ores+elia
BE,solar,4,50.9793,5.2144,1510.159,110,fluvius+ores+elia
BE,solar,5,50.7649,5.6464,1373.285,208,fluvius+ores+elia
BE,solar,6,50.4657,4.4495,1223.215,783,fluvius+ores+elia
BE,solar,7,50.0122,5.533,466.292,535,fluvius+ores+elia
BE,load,0,51.029,4.4578,4315708.0,131,statbel_pop2026+ngi
BE,load,1,50.8217,5.4672,2148287.0,123,statbel_pop2026+ngi
BE,load,2,50.8518,3.8637,1836709.0,84,statbel_pop2026+ngi
BE,load,3,50.9828,3.1835,1566839.0,76,statbel_pop2026+ngi
BE,load,4,50.483,4.5372,1548733.0,86,statbel_pop2026+ngi
BE,load,5,50.0495,5.5994,451358.0,65,statbel_pop2026+ngi
NL,wind_onshore,0,52.5165,5.5871,2131.7,784,rivm
NL,wind_onshore,1,51.7277,4.3122,1438.35,498,rivm
NL,wind_onshore,2,53.3345,6.8863,925.555,727,rivm
NL,wind_onshore,3,52.703,4.9347,757.605,385,rivm
NL,wind_onshore,4,53.0468,5.3622,602.118,614,rivm
NL,wind_onshore,5,51.7003,5.6388,465.332,168,rivm
NL,wind_onshore,6,51.5094,3.7525,383.005,162,rivm
NL,wind_onshore,7,52.7854,6.7635,359.933,250,rivm
NL,wind_offshore,0,52.3138,4.0566,1658.0,182,rivm
NL,wind_offshore,1,51.6991,2.9988,1502.5,173,rivm
NL,wind_offshore,2,52.6837,4.2726,998.0,166,rivm
NL,wind_offshore,3,54.0348,5.9627,600.0,150,rivm
NL,solar,0,51.7356,4.2649,4303.102,51,cbs85005+pdok
NL,solar,1,51.9489,5.6842,3988.279,48,cbs85005+pdok
NL,solar,2,53.0174,6.7405,3862.135,22,cbs85005+pdok
NL,solar,3,52.4406,4.8588,3699.028,63,cbs85005+pdok
NL,solar,4,51.7627,5.0593,3658.092,50,cbs85005+pdok
NL,solar,5,51.2679,5.8131,3413.493,45,cbs85005+pdok
NL,solar,6,52.2378,6.5248,3035.528,33,cbs85005+pdok
NL,solar,7,52.8024,5.8346,3020.933,30,cbs85005+pdok
NL,load,0,51.8743,4.4272,4759912.0,72,cbs37230+pdok
NL,load,1,52.0057,5.3091,3603930.0,69,cbs37230+pdok
NL,load,2,52.429,4.8394,3199352.0,50,cbs37230+pdok
NL,load,3,51.3424,5.7519,2450318.0,59,cbs37230+pdok
NL,load,4,52.2317,6.3125,2270709.0,51,cbs37230+pdok
NL,load,5,53.0524,6.3379,1869050.0,41,cbs37230+pdok
FR,wind_onshore,0,49.9753,2.4621,6704.339,632,odre_registre
FR,wind_onshore,1,48.873,4.0692,4694.95,450,odre_registre
FR,wind_onshore,2,48.0672,-2.0596,2784.836,323,odre_registre
FR,wind_onshore,3,46.3845,-0.0702,2725.153,263,odre_registre
FR,wind_onshore,4,43.9648,3.1751,2695.067,269,odre_registre
FR,wind_onshore,5,47.8079,1.8068,2299.476,213,odre_registre
FR,wind_onshore,6,48.0199,5.3844,1958.085,185,odre_registre
FR,wind_onshore,7,49.0702,6.3951,641.175,65,odre_registre
FR,wind_offshore,0,47.0158,-2.556,990.0,3,odre_registre+osm
FR,wind_offshore,1,49.9603,0.5393,745.0,2,odre_registre+osm
FR,wind_offshore,2,48.8566,-2.5419,496.0,1,odre_registre+osm
FR,wind_offshore,3,43.061,3.8801,65.2,3,odre_registre+osm
FR,solar,0,44.2169,5.3055,5503.509,16323,odre_registre
FR,solar,1,44.2934,-0.3169,5088.057,14699,odre_registre
FR,solar,2,43.7775,2.2301,4642.341,18271,odre_registre
FR,solar,3,46.7163,0.5603,4467.265,17429,odre_registre
FR,solar,4,46.3465,3.6967,4158.371,17394,odre_registre
FR,solar,5,49.1296,2.6261,3494.415,13866,odre_registre
FR,solar,6,47.7088,-1.7011,3424.262,18522,odre_registre
FR,solar,7,48.3444,6.2579,3164.66,12126,odre_registre
FR,load,0,49.1429,2.4517,23039441.0,9009,insee_pop+geoapi
FR,load,1,44.7093,5.1006,15654423.0,5979,insee_pop+geoapi
FR,load,2,44.1594,0.7734,8778750.0,7127,insee_pop+geoapi
FR,load,3,47.4833,-0.3818,7424572.0,4047,insee_pop+geoapi
FR,load,4,48.2333,6.4295,6610179.0,6659,insee_pop+geoapi
FR,load,5,48.119,-2.6681,4302964.0,1559,insee_pop+geoapi
